Date,Rot,VH,Team,1st,2nd,3rd,Final,Open,Close,Overtime
119,1,V,team_pit,2,0,1,3,-115,-110,0
119,2,H,team_phi,0,1,0,1,6o25,6o30,0
119,3,V,team_ott,1,1,2,4,6u20,6u35,0
119,4,H,team_wpg,1,0,0,1,-120,-125,0
119,5,V,team_chi,3,1,1,5,5o15,5o35,0
119,6,H,team_lak,0,1,1,2,-130,-125,0
119,7,V,team_nyr,0,1,0,1,5o20,5o25,0
119,8,H,team_bos,1,1,1,3,-120,-140,0
119,9,V,team_tor,1,1,0,2,5.5u20,5.5u25,0
119,10,H,team_mtl,0,0,1,1,-135,-140,0
119,11,V,team_njd,0,1,1,2,-120,-120,0
119,12,H,team_nyi,0,0,1,1,5o20,5o35,0
119,13,V,team_wsh,1,2,0,3,-104,6u40,0
119,14,H,team_tbl,2,1,3,6,6u20,-115,0
119,15,V,team_car,0,1,0,1,5o25,5o40,0
119,16,H,team_fla,4,1,0,5,-120,-120,0
119,17,V,team_det,0,0,0,0,5o15,5o30,0
119,18,H,team_stl,2,2,2,6,-135,-140,0
119,19,V,team_cbj,1,1,0,3,5.5u20,5.5u25,1
119,20,H,team_nsh,2,0,0,2,-182,-170,0
119,21,V,team_ari,0,2,1,3,5o15,5o25,0
119,22,H,team_dal,1,1,2,4,-125,-120,0
119,23,V,team_col,1,0,1,2,5o25,5o25,0
119,24,H,team_min,0,3,1,4,-130,-135,0
119,25,V,team_ana,2,4,1,7,5.5u15,5.5u45,0
119,26,H,team_van,2,0,1,3,-175,-150,0
120,51,V,team_phi,0,2,0,2,5.5o10,5.5o15,0
120,52,H,team_buf,1,1,3,5,-115,-135,0
120,53,V,team_pit,3,1,2,6,5.5u10,-110,0
120,54,H,team_nyr,1,0,2,3,-115,5.5u35,0
120,55,V,team_sjs,0,3,1,4,-104,-125,0
120,56,H,team_cgy,1,0,0,1,5o35,5o40,0
120,57,V,team_dal,0,0,0,0,5o35,5o45,0
120,58,H,team_min,1,0,0,1,-145,-155,0
120,59,V,team_edm,0,1,1,3,5.5u10,5.5u25,1
120,60,H,team_van,1,1,0,2,-150,-140,0
120,61,V,team_chi,1,3,2,6,-115,-110,0
120,62,H,team_ari,1,1,2,4,5.5u40,5.5u35,0
121,1,V,team_wpg,1,0,0,1,5.5o15,5.5o15,0
121,2,H,team_bos,1,0,0,2,-197,-200,1
121,3,V,team_tbl,0,0,3,3,-115,-120,0
121,4,H,team_nyi,0,3,1,4,5.5o35,5.5o30,0
121,5,V,team_stl,2,0,1,4,5o15,-125,1
121,6,H,team_nsh,2,1,0,3,-109,5o15,0
121,7,V,team_buf,1,1,0,2,5.5u09,5.5u25,0
121,8,H,team_tor,0,0,1,1,-115,-120,0
121,9,V,team_fla,0,0,0,0,5.5u20,5.5u25,0
121,10,H,team_ott,1,1,2,4,-140,-140,0
121,11,V,team_det,0,2,1,4,-125,-130,1
121,12,H,team_cbj,0,1,2,3,5.5u09,5.5u30,0
121,13,V,team_ana,3,0,2,5,-104,-120,0
121,14,H,team_cgy,2,1,1,4,5.5u20,5.5u35,0
122,51,V,team_wpg,2,2,0,4,5.5o35,5.5o15,0
122,52,H,team_wsh,1,0,1,2,-170,-160,0
122,53,V,team_tbl,2,0,2,4,5.5o40,5.5o20,0
122,54,H,team_car,0,1,0,1,-135,-150,0
122,55,V,team_fla,0,1,0,1,5.5u31,5.5u45,0
122,56,H,team_mtl,2,2,0,4,-148,-150,0
122,57,V,team_phi,0,0,0,0,5.5u26,-115,0
122,58,H,team_njd,2,1,0,3,-120,5.5u30,0
122,59,V,team_dal,1,0,1,2,5.5u14,5.5u15,0
122,60,H,team_det,0,0,1,1,-165,-130,0
122,61,V,team_nsh,1,0,2,3,5o25,5o35,0
122,62,H,team_min,1,0,0,1,-130,-150,0
122,63,V,team_stl,0,0,2,2,5.5u25,5.5u35,0
122,64,H,team_chi,1,1,1,3,-125,-125,0
122,65,V,team_lak,1,0,0,1,-104,-125,0
122,66,H,team_col,0,0,3,3,5o25,5o30,0
122,67,V,team_sjs,6,0,0,6,5.5u30,-125,0
122,68,H,team_edm,1,1,1,3,100,5.5u25,0
123,1,V,team_tor,0,3,2,5,6,6,0
123,2,H,team_pit,1,1,0,2,-220,-220,0
123,3,V,team_bos,0,2,1,3,5o20,5o30,0
123,4,H,team_nyr,2,1,0,4,-130,-130,1
123,5,V,team_cgy,0,2,0,2,5.5u30,5.5u30,0
123,6,H,team_van,0,2,0,3,-175,-175,1
123,7,V,team_cbj,0,1,0,1,5.5u30,5.5u30,0
123,8,H,team_ari,0,2,3,5,-165,-165,0
124,51,V,team_nyi,1,2,4,7,5.5,5.5,0
124,52,H,team_tor,3,0,1,4,-130,-115,0
124,53,V,team_nyr,0,0,1,1,5.5u40,-115,0
124,54,H,team_phi,0,2,0,2,-125,5.5u40,0
124,55,V,team_mtl,0,4,0,4,5.5u30,5.5u30,0
124,56,H,team_wsh,0,0,1,1,-140,-130,0
124,57,V,team_buf,0,2,1,3,5.5u25,5.5u25,0
124,58,H,team_car,0,4,2,6,-120,-130,0
124,59,V,team_ott,1,1,1,3,-104,-130,0
124,60,H,team_fla,1,0,0,1,5.5u25,5.5u25,0
124,61,V,team_nsh,0,0,0,0,5o20,5o20,0
124,62,H,team_stl,1,1,1,3,-165,-175,0
124,63,V,team_chi,0,1,1,3,-130,-125,1
124,64,H,team_dal,1,1,0,2,5.5,5.5,0
124,65,V,team_cbj,0,0,0,0,5.5u20,5.5u25,0
124,66,H,team_col,2,0,2,4,-170,-160,0
124,67,V,team_lak,0,1,0,1,-125,-130,0
124,68,H,team_edm,0,0,1,2,5o35,5o40,1
124,69,V,team_ari,0,1,2,3,5.5u20,5.5u25,0
124,70,H,team_sjs,1,0,4,5,-175,-200,0
125,1,V,team_nyi,1,1,0,2,5.5u15,5.5u20,0
125,2,H,team_bos,1,1,2,4,-205,-200,0
125,3,V,team_car,0,0,3,3,5.5u20,5.5u25,0
125,4,H,team_buf,0,0,1,1,-145,-155,0
125,5,V,team_wsh,0,0,2,2,5.5u30,5.5u45,0
125,6,H,team_njd,1,1,0,3,-135,-170,1
125,7,V,team_ott,0,4,0,4,5.5o35,5.5o35,0
125,8,H,team_tbl,1,2,3,6,-115,-130,0
125,9,V,team_min,0,2,1,3,5.5u20,5.5u45,0
125,10,H,team_det,0,4,1,5,-130,-125,0
125,11,V,team_pit,2,0,0,2,-135,-140,0
125,12,H,team_wpg,0,3,1,4,5.5o35,5.5o35,0
125,13,V,team_van,2,1,2,5,5.5u09,5.5u15,0
125,14,H,team_ana,0,0,0,0,-115,-120,0
126,51,V,team_col,0,0,0,0,5.5u15,5.5u25,0
126,52,H,team_sjs,2,2,0,4,-160,-160,0
126,53,V,team_tor,2,0,0,2,5.5u20,5.5u35,0
126,54,H,team_nyr,0,1,4,5,-170,-180,0
126,55,V,team_chi,1,1,1,3,-145,-170,0
126,56,H,team_cbj,1,0,1,2,5.5o10,5.5o15,0
126,57,V,team_phi,3,2,2,7,-125,-115,0
126,58,H,team_fla,0,1,0,1,5.5u35,5.5u45,0
126,59,V,team_stl,1,3,0,4,-130,-165,0
126,60,H,team_dal,2,0,1,3,5o15,5o30,0
126,61,V,team_lak,0,3,1,4,-130,-135,0
126,62,H,team_ari,0,1,1,2,5o30,5o45,0
126,63,V,team_edm,1,1,1,3,5.5u15,5.5u15,0
126,64,H,team_cgy,2,2,0,4,-120,-130,0
126,65,V,team_nsh,1,0,1,2,5.5u35,-115,0
126,66,H,team_ana,0,1,1,3,-120,5.5u40,1
127,1,V,team_buf,1,0,1,2,5.5u20,5.5u25,0
127,2,H,team_wsh,1,1,1,3,-115,-135,0
127,3,V,team_pit,1,0,0,2,-120,-110,1
127,4,H,team_ott,0,1,0,1,5.5o40,5.5o35,0
127,5,V,team_njd,0,1,2,3,5o04,-110,0
127,6,H,team_mtl,2,0,1,4,-109,5o20,1
127,7,V,team_phi,1,0,0,1,6u15,6u15,0
127,8,H,team_tbl,3,0,2,5,-115,-145,0
127,9,V,team_min,0,3,1,4,5o15,5o25,0
127,10,H,team_stl,1,1,2,5,-156,-160,1
127,11,V,team_det,0,0,1,1,5.5o09,5.5o15,0
127,12,H,team_chi,1,0,0,2,-140,-150,1
127,13,V,team_nyi,1,0,3,4,5.5o20,5.5o15,0
127,14,H,team_wpg,1,1,2,5,-140,-135,1
127,15,V,team_van,0,1,0,1,5.5o04,5.5u20,0
127,16,H,team_sjs,2,1,1,4,-125,-120,0
128,51,V,team_bos,2,1,2,5,-125,-110,0
128,52,H,team_car,1,2,0,3,5.5u10,5.5,0
128,53,V,team_dal,0,1,0,1,-104,-120,0
128,54,H,team_cbj,0,1,1,2,5.5u15,5.5u35,0
128,55,V,team_nsh,0,0,0,0,-104,-120,0
128,56,H,team_ari,1,1,2,4,5.5u15,5.5u30,0
128,57,V,team_col,0,0,1,1,5.5u15,5.5u25,0
128,58,H,team_edm,2,1,1,4,-130,-150,0
128,59,V,team_van,1,1,0,2,5o25,5o30,0
128,60,H,team_lak,0,1,1,3,-130,-145,1
129,1,V,team_njd,0,1,0,1,5o20,5o30,0
129,2,H,team_bos,0,0,1,2,-150,-165,1
129,3,V,team_phi,0,0,1,1,5.5u25,5.5u35,0
129,4,H,team_nyr,1,1,0,2,-151,-170,0
129,5,V,team_tor,1,2,0,4,5.5u20,5.5u20,1
129,6,H,team_buf,1,1,1,3,-155,-155,0
129,7,V,team_nyi,1,3,0,4,6u20,5.5o30,0
129,8,H,team_pit,0,0,1,1,-210,-210,0
129,9,V,team_wpg,1,2,0,3,5.5u15,5.5u40,0
129,10,H,team_mtl,2,1,1,4,-145,-135,0
129,11,V,team_fla,1,0,1,2,5.5o20,5.5o15,0
129,12,H,team_tbl,2,2,1,5,-175,-170,0
129,13,V,team_wsh,2,0,0,2,5.5u20,5.5u20,0
129,14,H,team_ott,0,1,2,3,-145,-145,0
129,15,V,team_dal,0,1,0,1,5.5u20,5.5u40,0
129,16,H,team_det,0,2,2,4,-151,-170,0
129,17,V,team_cbj,0,1,1,2,5.5u35,5.5u40,0
129,18,H,team_min,2,0,1,3,-171,-200,0
129,19,V,team_ana,0,2,0,2,5.5u09,5.5u15,0
129,20,H,team_sjs,1,0,1,3,-166,-165,1
130,51,V,team_mtl,1,0,0,1,5.5u15,5.5u20,0
130,52,H,team_ott,1,3,1,5,-150,-150,0
130,53,V,team_chi,2,0,0,2,-115,-135,0
130,54,H,team_min,1,1,0,3,5.5u15,5.5u35,1
130,55,V,team_edm,1,0,0,2,5.5u15,5.5u20,1
130,56,H,team_ari,0,0,1,1,-120,-130,0
130,57,V,team_col,0,0,0,0,5.5u25,5.5u40,0
130,58,H,team_van,1,1,1,3,-160,-180,0
131,1,V,team_pit,1,0,2,3,5.5u15,5.5u45,0
131,2,H,team_nyr,0,0,0,0,-125,-120,0
131,3,V,team_buf,0,3,4,7,5.5u25,5.5u35,0
131,4,H,team_bos,0,3,1,4,-177,-175,0
131,5,V,team_nyi,1,2,1,5,5.5u50,5.5u50,1
131,6,H,team_njd,0,3,1,4,-165,-140,0
131,7,V,team_stl,3,0,1,4,-170,-180,0
131,8,H,team_cbj,0,1,0,1,5o40,5o40,0
131,9,V,team_wsh,1,1,0,2,5.5u15,-110,0
131,10,H,team_tor,1,0,2,3,-120,5.5o15,0
131,11,V,team_wpg,0,1,2,3,-115,-110,0
131,12,H,team_fla,0,1,5,6,5.5u09,5.5u25,0
131,13,V,team_col,1,2,3,6,5.5u15,5.5u45,0
131,14,H,team_cgy,1,2,0,3,-140,-175,0
131,15,V,team_edm,0,1,1,2,5.5u09,5.5u20,0
131,16,H,team_sjs,0,2,0,3,-193,-200,1
131,17,V,team_nsh,1,0,0,2,5,5u20,1
131,18,H,team_lak,1,0,0,1,-155,-155,0
201,51,V,team_ott,0,0,0,0,5.5u15,5.5u15,0
201,52,H,team_car,1,0,0,1,-121,-125,0
201,53,V,team_phi,0,1,1,2,5.5u09,-120,0
201,54,H,team_wsh,0,1,2,3,-116,5.5u15,0
201,55,V,team_stl,2,1,0,3,5.5u30,-110,0
201,56,H,team_det,2,0,3,5,-109,5.5u45,0
201,57,V,team_wpg,0,0,3,3,6u09,6,0
201,58,H,team_tbl,3,3,2,8,-155,-200,0
201,59,V,team_ari,1,2,0,3,5o35,5o35,0
201,60,H,team_dal,2,1,0,4,-128,-120,1
201,61,V,team_min,1,0,0,1,5.5u35,5.5u40,0
201,62,H,team_ana,0,1,2,3,-123,-125,0
201,63,V,team_chi,0,0,1,1,5.5u09,5.5u35,0
201,64,H,team_van,1,0,0,2,-115,-130,1
202,1,V,team_njd,0,1,0,1,5.5u30,5.5u35,0
202,2,H,team_pit,0,2,3,5,-160,-155,0
202,3,V,team_buf,0,0,1,1,5.5u35,5.5u50,0
202,4,H,team_mtl,1,3,2,6,-128,-135,0
202,5,V,team_edm,1,0,0,1,5.5u15,5.5u50,0
202,6,H,team_col,0,2,1,3,-118,-130,0
202,7,V,team_bos,1,0,0,1,-125,-150,0
202,8,H,team_tor,0,0,0,0,5.5u15,5.5u20,0
202,9,V,team_det,1,0,1,2,-128,-135,0
202,10,H,team_cbj,1,2,1,4,5.5u20,5.5u30,0
202,11,V,team_nyr,0,1,2,3,5.5o04,5.5o20,0
202,12,H,team_tbl,0,1,1,2,-119,-125,0
202,13,V,team_car,2,0,1,3,5.5o04,5.5,0
202,14,H,team_phi,3,2,0,5,-149,-130,0
202,15,V,team_dal,0,0,0,0,5o30,5o40,0
202,16,H,team_ari,0,1,1,2,-135,-155,0
202,17,V,team_chi,0,0,2,3,-120,-115,1
202,18,H,team_cgy,0,0,2,2,5.5o04,5.5,0
202,19,V,team_lak,2,2,0,4,-109,-115,0
202,20,H,team_ana,3,2,2,7,5o15,5o20,0
202,21,V,team_nsh,0,0,1,2,5o25,5o20,1
202,22,H,team_sjs,0,0,1,1,-155,-180,0
203,51,V,team_pit,2,3,1,6,-120,-135,0
203,52,H,team_wsh,1,1,1,3,5.5u25,5.5u20,0
203,53,V,team_ott,1,0,0,1,5.5u25,5.5u50,0
203,54,H,team_mtl,2,0,0,2,-120,-130,0
203,55,V,team_fla,1,2,1,4,5.5u25,5.5u35,0
203,56,H,team_buf,2,1,0,3,-155,-145,0
203,57,V,team_njd,0,0,3,3,5.5u35,5.5u40,0
203,58,H,team_nyi,0,0,0,0,-115,-125,0
204,1,V,team_car,0,2,2,4,5.5o04,5.5,0
204,2,H,team_tor,1,0,0,1,-110,-120,0
204,3,V,team_dal,2,1,0,3,5o20,5o20,0
204,4,H,team_col,1,1,0,2,-135,-130,0
204,5,V,team_min,0,1,0,1,5o15,5o25,0
204,6,H,team_ari,1,1,0,2,-120,-135,0
204,7,V,team_van,0,1,1,3,-115,-130,1
204,8,H,team_edm,1,1,0,2,5.5u25,5.5u45,0
204,9,V,team_sjs,1,0,0,1,5.5u15,-110,0
204,10,H,team_ana,0,0,2,2,-105,5.5u25,0
205,51,V,team_pit,1,1,2,4,-133,-145,0
205,52,H,team_nyi,0,0,2,2,5.5o25,5.5o30,0
205,53,V,team_nyr,0,0,1,1,-104,-110,0
205,54,H,team_njd,2,0,1,3,5u15,5u15,0
205,55,V,team_lak,0,3,1,4,-123,-155,0
205,56,H,team_cbj,1,1,0,2,5.5u30,5.5u40,0
205,57,V,team_tor,2,1,0,3,5.5o04,5.5,0
205,58,H,team_wsh,1,0,1,2,-145,-155,0
205,59,V,team_tbl,0,0,1,1,6u15,6u15,0
205,60,H,team_phi,0,1,1,2,-113,-120,0
205,61,V,team_buf,1,1,1,3,-140,5.5u30,0
205,62,H,team_ott,3,1,0,4,5.5u25,-145,0
205,63,V,team_cgy,2,1,1,4,5.5u20,5.5u30,0
205,64,H,team_det,0,1,0,1,-163,-150,0
205,65,V,team_fla,1,1,0,2,5.5u09,5.5u15,0
205,66,H,team_wpg,0,2,0,3,-148,-135,1
205,67,V,team_nsh,3,2,1,6,5u15,5u30,0
205,68,H,team_stl,0,1,0,1,-165,-200,0
205,69,V,team_chi,3,1,1,5,5.5u25,-110,0
205,70,H,team_sjs,3,0,0,3,-130,5.5u35,0
206,1,V,team_bos,0,0,2,2,-109,-110,0
206,2,H,team_mtl,0,1,0,1,5o20,5o30,0
206,3,V,team_ana,2,1,0,3,5o20,-130,0
206,4,H,team_col,0,0,0,0,-120,5o50,0
206,5,V,team_dal,0,2,0,3,5o20,5o35,1
206,6,H,team_edm,0,1,1,2,-120,-120,0
207,51,V,team_cgy,1,1,1,4,5.5u15,-115,1
207,52,H,team_cbj,2,0,1,3,-109,5.5u25,0
207,53,V,team_nyi,0,1,0,1,5.5u30,5.5u50,0
207,54,H,team_nyr,2,1,1,4,-160,-160,0
207,55,V,team_mtl,1,2,1,4,5.5u30,5.5u30,0
207,56,H,team_buf,1,1,2,5,-125,-140,1
207,57,V,team_wsh,1,0,1,2,5.5o15,5.5o25,0
207,58,H,team_pit,0,5,0,5,-195,-200,0
207,59,V,team_tbl,0,1,1,2,5.5u15,5.5u25,0
207,60,H,team_njd,0,2,2,4,-125,-130,0
207,61,V,team_fla,1,0,1,3,5.5u15,5.5u40,1
207,62,H,team_phi,1,1,0,2,-158,-145,0
207,63,V,team_car,0,1,1,3,5.5u20,5.5u15,1
207,64,H,team_ott,1,1,0,2,-128,-125,0
207,65,V,team_tor,0,1,2,3,5.5o15,5.5o20,0
207,66,H,team_wpg,0,1,1,2,-150,-135,0
207,67,V,team_lak,0,0,0,0,5u25,-115,0
207,68,H,team_nsh,1,2,0,3,-125,5u30,0
207,69,V,team_det,2,2,1,5,5.5u20,5.5u45,0
207,70,H,team_stl,0,1,0,1,-165,-190,0
207,71,V,team_van,2,2,0,4,-104,-120,0
207,72,H,team_min,0,0,1,1,5o15,5,0
207,73,V,team_chi,4,2,0,6,-109,-110,0
207,74,H,team_ari,0,1,1,2,5o35,5o50,0
208,1,V,team_ana,0,1,0,1,-104,-120,0
208,2,H,team_dal,2,0,1,3,5o20,5o40,0
209,51,V,team_pit,1,0,0,1,-115,-110,0
209,52,H,team_njd,0,1,2,3,5.5u25,5.5u40,0
209,53,V,team_car,1,1,1,3,5.5u15,5.5u25,0
209,54,H,team_phi,1,2,0,4,-130,-130,1
209,57,V,team_wpg,0,0,1,1,5.5o15,5.5o25,0
209,58,H,team_ott,0,0,0,0,-140,-165,0
209,59,V,team_edm,0,1,0,1,5.5u25,5.5u30,0
209,60,H,team_det,0,1,1,2,-160,-170,0
209,61,V,team_ari,0,0,0,1,5.5u25,5.5u45,1
209,62,H,team_sjs,0,0,0,0,-170,-160,0
209,63,V,team_fla,0,0,0,0,5.5u20,5.5u35,0
209,64,H,team_wsh,1,2,2,5,-120,-130,0
209,65,V,team_buf,1,1,1,3,5.5o20,5.5o25,0
209,66,H,team_nyi,1,1,0,2,-115,-120,0
209,67,V,team_tor,2,2,2,6,5o35,5o50,0
209,68,H,team_mtl,0,0,0,0,-155,-170,0
209,69,V,team_ana,1,3,1,6,5o30,5o40,1
209,70,H,team_stl,3,0,2,5,-170,-190,0
209,71,V,team_nsh,1,0,0,1,5u25,5u35,0
209,72,H,team_min,0,1,0,2,-126,-130,1
209,73,V,team_cgy,1,0,0,1,5.5u20,5.5u30,0
209,74,H,team_van,0,3,2,5,-193,-200,0
210,1,V,team_lak,1,0,1,2,5o35,-110,0
210,2,H,team_det,2,0,1,3,-125,5o40,0
210,3,V,team_edm,1,0,2,3,-115,-115,0
210,4,H,team_cbj,0,0,1,1,5.5u25,5.5u35,0
210,5,V,team_bos,0,1,2,3,-130,-145,0
210,6,H,team_buf,0,1,0,1,5.5o04,5.5,0
210,7,V,team_njd,1,2,0,3,5o40,5o45,0
210,8,H,team_pit,0,0,1,1,-160,-165,0
210,9,V,team_tbl,0,1,0,1,5.5u15,5.5u25,0
210,10,H,team_nyr,2,1,2,5,-145,-145,0
210,11,V,team_chi,0,2,1,3,-125,-130,0
210,12,H,team_nsh,0,0,0,0,5o30,5o20,0
211,51,V,team_sjs,0,1,1,2,-155,-190,0
211,52,H,team_cbj,1,2,3,6,5.5u25,5.5u25,0
211,53,V,team_car,1,1,4,6,5.5o10,5.5o20,0
211,54,H,team_nyi,1,2,1,4,-110,-115,0
211,55,V,team_phi,1,0,1,2,5.5u15,-115,0
211,56,H,team_tor,1,3,1,5,-110,5.5u20,0
211,57,V,team_lak,1,2,1,4,5u09,5,0
211,58,H,team_stl,0,1,0,1,-152,-165,0
211,59,V,team_min,0,1,0,2,5o35,-110,1
211,60,H,team_cgy,0,0,1,1,-110,5o50,0
211,61,V,team_ari,1,0,1,3,5.5u35,-120,1
211,62,H,team_col,0,2,0,2,-110,5o30,0
212,1,V,team_car,0,2,2,4,5o20,5o40,0
212,2,H,team_njd,1,0,1,2,-148,-155,0
212,3,V,team_buf,0,0,0,0,5.5u09,5.5u30,0
212,4,H,team_ott,0,2,0,2,-132,-140,0
212,5,V,team_mtl,1,2,0,4,5.5u09,5.5u15,1
212,6,H,team_tbl,0,0,3,3,-130,-135,0
212,7,V,team_nyr,1,1,1,4,5o04,5,1
212,8,H,team_bos,0,0,3,3,-135,-135,0
212,9,V,team_wsh,1,2,2,6,5.5u20,5.5u35,1
212,10,H,team_fla,2,2,1,5,-125,-130,0
212,11,V,team_sjs,0,0,0,0,5u15,5u20,0
212,12,H,team_nsh,0,0,0,1,-114,-115,1
212,13,V,team_phi,2,0,1,3,5.5o04,5.5,0
212,14,H,team_wpg,1,0,1,2,-120,-145,0
212,15,V,team_ana,0,1,1,3,5.5o04,5.5u15,1
212,16,H,team_chi,0,2,0,2,-160,-160,0
212,17,V,team_dal,0,1,3,4,5o15,5o20,0
212,18,H,team_edm,1,0,0,1,-120,-120,0
212,19,V,team_min,0,1,0,1,5o04,5u15,0
212,20,H,team_van,1,1,0,2,-178,-230,0
213,51,V,team_ott,0,2,0,2,5.5o04,5.5u15,0
213,52,H,team_pit,1,1,2,4,-180,-200,0
213,53,V,team_stl,1,2,0,4,5.5u20,5.5u40,1
213,54,H,team_det,2,1,0,3,-135,-120,0
213,55,V,team_dal,1,2,1,4,5o40,5o55,0
213,56,H,team_cgy,4,2,1,7,-135,-150,0
214,1,V,team_nyi,0,3,0,4,5.5u30,5.5u30,1
214,2,H,team_nyr,2,1,0,3,-190,-160,0
214,3,V,team_tor,0,1,0,1,5.5o09,5.5o30,0
214,4,H,team_car,0,3,0,3,-144,-140,0
214,5,V,team_mtl,0,0,0,1,-106,-125,1
214,6,H,team_fla,0,0,0,0,5o35,5o40,0
214,7,V,team_wsh,1,1,2,4,5.5o35,5.5o35,0
214,8,H,team_tbl,1,0,2,3,-145,-150,0
214,9,V,team_ari,0,0,0,0,5u30,5u45,0
214,10,H,team_nsh,0,0,3,3,-137,-120,0
214,11,V,team_col,0,2,1,4,5o04,5u15,1
214,12,H,team_min,0,1,2,3,-145,-165,0
215,51,V,team_bos,1,1,0,2,-140,-135,0
215,52,H,team_buf,1,0,3,4,5.5u20,5.5u30,0
215,53,V,team_pit,1,0,2,3,-128,-155,0
215,54,H,team_wpg,0,0,1,1,5.5o20,5.5o25,0
215,55,V,team_phi,3,0,0,3,5o35,5o45,0
215,56,H,team_njd,1,2,2,5,-145,-155,0
215,57,V,team_ana,0,2,3,5,5.5u15,5.5u50,0
215,58,H,team_det,0,2,0,2,-123,-115,0
215,59,V,team_sjs,0,1,0,1,5.5u15,5.5u20,0
215,60,H,team_chi,1,2,1,4,-148,-135,0
215,61,V,team_stl,4,0,1,5,-115,-125,0
215,62,H,team_cgy,0,1,1,2,5.5u15,5.5u20,0
215,63,V,team_dal,1,1,2,4,5o25,5o40,0
215,64,H,team_van,0,3,0,3,-190,-200,0
215,65,V,team_cbj,0,0,1,1,5o25,5o50,0
215,66,H,team_lak,0,1,1,2,-215,-175,0
216,1,V,team_phi,0,1,0,1,5.5u25,5.5u15,0
216,2,H,team_mtl,1,1,2,4,-140,-155,0
216,3,V,team_njd,0,0,1,1,-122,-115,0
216,4,H,team_nyi,0,3,2,5,5o35,5o45,0
216,5,V,team_ott,0,0,0,0,5.5u15,5.5u40,0
216,6,H,team_tor,1,0,2,3,-140,-140,0
216,7,V,team_tbl,2,1,2,6,-107,-125,1
216,8,H,team_fla,1,2,2,5,5.5o15,5.5o20,0
216,9,V,team_cbj,2,1,0,3,5o30,5o50,0
216,10,H,team_ari,3,0,2,5,-180,-230,0
216,11,V,team_ana,1,1,0,3,5u15,5u25,1
216,12,H,team_nsh,1,1,0,2,-137,-145,0
216,13,V,team_col,3,1,0,4,5o40,5o45,0
216,14,H,team_edm,1,2,3,6,-140,-150,0
217,51,V,team_pit,2,0,2,4,-133,-135,0
217,52,H,team_buf,1,1,1,3,5.5o09,5.5o15,0
217,53,V,team_bos,0,2,1,3,-135,-155,0
217,54,H,team_wpg,0,2,0,2,5.5u07,5.5u30,0
217,55,V,team_cgy,1,0,3,4,5.5,5.5o20,0
217,56,H,team_dal,0,3,0,3,-125,-130,0
217,57,V,team_lak,0,0,2,2,5o30,5o40,0
217,58,H,team_chi,2,1,0,3,-133,-160,0
217,59,V,team_det,1,1,0,2,5o40,5o35,0
217,60,H,team_min,0,3,0,3,-130,-140,0
217,61,V,team_wsh,1,0,0,1,5.5u30,5.5u40,0
217,62,H,team_nyr,0,1,1,2,-155,-180,0
217,63,V,team_stl,1,1,1,4,5.5u25,5.5u50,1
217,64,H,team_van,2,0,1,3,-142,-145,0
218,1,V,team_ott,0,0,1,2,5o15,5u20,1
218,2,H,team_njd,1,0,0,1,-170,-220,0
218,3,V,team_phi,1,3,3,7,5.5o04,5.5o25,0
218,4,H,team_nyi,0,0,0,0,-115,-115,0
218,5,V,team_nsh,1,3,1,5,-115,-135,0
218,6,H,team_col,2,4,0,6,5u20,5,0
218,7,V,team_tor,1,2,0,3,-115,5.5u25,0
218,8,H,team_fla,0,0,0,0,5.5u15,-115,0
218,9,V,team_car,0,0,0,0,5.5u15,5.5u15,0
218,10,H,team_mtl,0,0,3,3,-116,-125,0
218,11,V,team_cgy,0,0,0,0,5.5u20,5.5,0
218,12,H,team_ari,1,0,3,4,-165,-170,0
218,13,V,team_cbj,1,0,1,2,5.5u25,5.5u30,0
218,14,H,team_ana,2,0,1,3,-200,-220,0
219,51,V,team_wpg,1,1,0,2,5.5o15,5.5o15,0
219,52,H,team_buf,0,1,0,1,-135,-145,0
219,53,V,team_mtl,0,1,2,3,5o15,5,0
219,54,H,team_nyr,0,1,0,1,-144,-160,0
219,55,V,team_tor,1,0,1,2,6o09,6o15,0
219,56,H,team_tbl,1,1,2,4,-146,-160,0
219,57,V,team_nyi,0,0,1,1,5.5u09,5.5u50,0
219,58,H,team_ott,0,2,1,3,-126,-130,0
219,59,V,team_det,1,0,2,3,5o04,5u20,0
219,60,H,team_nsh,2,0,1,4,-135,-120,1
219,61,V,team_sjs,0,1,1,2,5.5u20,5.5u45,0
219,62,H,team_stl,1,0,0,1,-156,-125,0
219,63,V,team_van,1,0,2,3,5.5u25,5.5u50,0
219,64,H,team_chi,0,3,0,4,-132,-125,1
219,65,V,team_lak,0,1,2,3,-113,-125,0
219,66,H,team_edm,0,1,0,1,5o25,5o40,0
220,1,V,team_phi,2,1,3,6,5.5o17,5.5o30,0
220,2,H,team_pit,2,0,3,5,-168,-190,0
220,3,V,team_lak,2,0,1,3,-118,5.5u45,0
220,4,H,team_cgy,1,0,0,1,5.5u18,-120,0
220,5,V,team_stl,0,0,0,0,-120,-120,0
220,6,H,team_col,0,0,0,1,5.5u18,5.5u40,1
221,51,V,team_wpg,1,0,3,4,5.5u10,5.5u25,0
221,52,H,team_car,1,0,2,3,-150,-145,0
221,53,V,team_njd,0,1,2,3,-115,-120,0
221,54,H,team_wsh,0,2,0,2,5o15,5o25,0
221,55,V,team_buf,1,0,0,1,5.5u20,5.5u35,0
221,56,H,team_tor,0,2,1,3,-145,-120,0
221,57,V,team_fla,3,1,1,5,5.5u18,5.5u20,0
221,58,H,team_phi,0,0,2,2,-147,-145,0
221,59,V,team_nyr,0,0,2,2,-120,-140,0
221,60,H,team_ott,1,0,1,3,5u15,5u30,1
221,61,V,team_nyi,0,2,1,4,5.5u25,5.5u40,1
221,62,H,team_mtl,2,1,0,3,-160,-150,0
221,63,V,team_bos,2,1,1,4,-115,-125,0
221,64,H,team_tbl,1,1,0,2,5.5o17,5.5o25,0
221,65,V,team_cbj,1,0,2,3,5.5u13,5.5u15,0
221,66,H,team_det,2,0,0,2,-177,-175,0
221,67,V,team_van,1,1,2,4,-145,-150,0
221,68,H,team_dal,1,1,1,3,5.5u30,5.5u55,0
221,69,V,team_min,0,1,2,3,5o04,5o15,0
221,70,H,team_edm,0,1,0,1,-120,-120,0
222,1,V,team_fla,0,1,0,1,5.5u15,5.5o15,0
222,2,H,team_pit,0,1,2,3,-215,-250,0
222,3,V,team_van,0,0,1,1,5u30,5u40,0
222,4,H,team_nsh,0,0,0,0,-106,-115,0
222,5,V,team_sjs,1,0,0,1,5.5u25,5.5u40,0
222,6,H,team_chi,0,1,1,2,-138,-145,0
223,51,V,team_njd,0,1,0,1,-115,-115,0
223,52,H,team_wsh,0,1,4,5,5o15,5o25,0
223,53,V,team_wpg,1,2,0,3,5.5o30,5.5o25,0
223,54,H,team_phi,1,1,3,5,-145,-150,0
223,55,V,team_ari,1,1,0,2,-104,-135,0
223,56,H,team_edm,0,1,1,3,5o15,5o20,1
223,57,V,team_col,0,1,0,1,5o10,5u25,0
223,58,H,team_lak,2,2,0,4,-170,-180,0
223,59,V,team_nsh,0,0,0,0,5u25,5u20,0
223,60,H,team_det,1,2,1,4,-127,-130,0
223,61,V,team_tbl,1,0,4,5,6u10,6,0
223,62,H,team_car,0,0,2,2,-125,-120,0
223,63,V,team_nyr,0,0,0,0,5u25,5u35,0
223,64,H,team_mtl,0,3,0,3,-120,-130,0
223,65,V,team_nyi,0,2,2,4,5.5o10,5.5,0
223,66,H,team_buf,0,0,0,0,-120,-125,0
223,67,V,team_tor,1,0,1,2,5o15,-120,0
223,68,H,team_ott,1,1,1,3,-106,5o25,0
223,69,V,team_cbj,0,1,0,1,5.5u20,5.5u45,0
223,70,H,team_stl,1,0,1,2,-215,-240,0
223,71,V,team_sjs,0,0,1,1,-129,-120,0
223,72,H,team_dal,0,1,2,3,5.5u40,5.5u40,0
223,73,V,team_min,1,0,0,1,5o10,-110,0
223,74,H,team_cgy,1,0,2,3,-115,5o15,0
224,1,V,team_bos,2,1,1,4,-142,-170,0
224,2,H,team_fla,1,0,0,1,5.5u30,5.5u50,0
224,3,V,team_wpg,1,2,1,4,5.5u35,5.5u45,0
224,4,H,team_njd,2,0,0,2,-163,-165,0
224,5,V,team_van,3,0,0,3,-115,-150,0
224,6,H,team_det,2,3,3,8,5.5u30,5.5u50,0
224,7,V,team_cbj,0,0,0,0,5.5u15,5.5u25,0
224,8,H,team_chi,0,1,0,1,-250,-290,0
224,9,V,team_car,0,2,2,4,5.5o15,5.5o25,0
224,10,H,team_nyi,2,0,0,2,-114,-130,0
224,11,V,team_tbl,0,2,1,3,6u15,6o15,0
224,12,H,team_pit,3,1,1,5,-170,-180,0
224,13,V,team_col,2,1,0,3,5.5u35,5.5u50,0
224,14,H,team_ana,0,2,1,4,-177,-190,1
224,15,V,team_ari,0,2,2,4,-104,-110,0
224,16,H,team_cgy,1,2,2,5,5.5u30,5.5u50,0
225,51,V,team_tor,1,1,2,4,5.5o06,5.5o30,0
225,52,H,team_phi,0,1,1,2,-128,-155,0
225,53,V,team_mtl,0,1,0,1,-119,-135,0
225,54,H,team_ott,0,1,0,2,5u25,5u20,1
225,55,V,team_dal,0,4,0,4,5u20,5u20,0
225,56,H,team_nsh,1,2,1,5,-156,-150,1
225,57,V,team_edm,1,1,0,2,5.5u35,5.5u40,0
225,58,H,team_chi,1,0,1,3,-195,-190,1
225,59,V,team_ana,0,2,0,2,5o13,5o15,0
225,60,H,team_lak,0,2,3,5,-138,-155,0
226,1,V,team_dal,1,2,1,5,-109,-115,1
226,2,H,team_cbj,0,2,2,4,5.5u40,5.5u40,0
226,3,V,team_car,0,0,0,0,5.5o16,5.5u20,0
226,4,H,team_wsh,1,1,1,3,-128,-140,0
226,5,V,team_wpg,0,3,1,4,5.5u42,5.5u45,0
226,6,H,team_nyr,0,1,2,3,-157,-170,0
226,7,V,team_buf,1,0,1,2,6u20,6o15,0
226,8,H,team_tbl,1,0,0,1,-151,-155,0
226,9,V,team_pit,0,4,0,4,-167,-155,0
226,10,H,team_fla,1,3,2,6,5.5u25,5.5u30,0
226,11,V,team_bos,1,2,1,4,-142,-155,0
226,12,H,team_nyi,1,0,0,1,5.5u20,5.5u15,0
226,13,V,team_cgy,1,0,0,1,5u07,5o25,0
226,14,H,team_min,0,0,1,2,-148,-155,1
226,15,V,team_ari,1,1,2,4,5o22,5u15,0
226,16,H,team_van,0,1,1,2,-180,-190,0
226,17,V,team_col,1,0,1,2,5.5u40,5.5u50,0
226,18,H,team_sjs,1,1,0,3,-177,-200,1
227,51,V,team_wsh,0,0,1,1,5.5o27,5.5o35,0
227,52,H,team_phi,2,2,0,4,-149,-155,0
227,53,V,team_mtl,1,1,3,5,5o18,-110,0
227,54,H,team_tor,1,1,0,2,-108,5o20,0
227,55,V,team_nsh,0,1,0,1,5u30,5u15,0
227,56,H,team_ana,3,2,0,5,-130,-135,0
227,57,V,team_det,1,0,0,1,5o13,5o30,0
227,58,H,team_lak,0,0,2,2,-148,-155,0
228,1,V,team_tbl,1,0,0,1,5.5u10,5.5u15,0
228,2,H,team_nyr,2,1,1,4,-137,-155,0
228,3,V,team_tor,1,3,0,5,5.5o10,5.5,1
228,4,H,team_nyi,1,1,2,4,-121,-135,0
228,5,V,team_ott,0,1,0,1,5u06,5u15,0
228,6,H,team_bos,0,1,0,2,-190,-210,1
228,7,V,team_pit,1,0,0,1,-134,-145,0
228,8,H,team_car,1,3,0,4,5.5o11,5.5o15,0
228,9,V,team_buf,3,0,0,4,5.5u25,5.5u25,1
228,10,H,team_fla,2,0,1,3,-114,-115,0
228,11,V,team_njd,0,1,0,1,5.5u30,5.5u50,0
228,12,H,team_wpg,1,0,2,3,-109,-115,0
228,13,V,team_chi,1,0,2,3,-104,-110,0
228,14,H,team_stl,0,0,0,0,5o27,5o35,0
228,15,V,team_edm,2,1,2,5,5o27,5o40,0
228,16,H,team_dal,0,0,1,1,-143,-140,0
228,17,V,team_cgy,3,1,0,4,5o17,5o50,0
228,18,H,team_col,0,2,3,5,-115,-125,0
228,19,V,team_min,2,2,0,4,5u18,5u35,0
228,20,H,team_ari,0,1,2,3,-139,-135,0
228,21,V,team_det,0,0,1,2,5.5u40,5.5u40,1
228,22,H,team_sjs,0,0,1,1,-165,-180,0
301,51,V,team_edm,2,0,0,2,5o18,5o20,0
301,52,H,team_stl,0,2,2,4,-175,-165,0
301,53,V,team_cbj,1,1,1,3,5.5u40,5.5u45,0
301,54,H,team_chi,1,2,0,4,-285,-290,1
301,55,V,team_min,0,0,2,2,5o04,5,0
301,56,H,team_ana,2,1,0,3,-160,-190,0
302,1,V,team_ott,0,1,0,1,5.5u40,5.5u45,0
302,2,H,team_phi,0,2,0,2,-155,-170,0
302,3,V,team_tbl,2,0,0,2,5.5o25,5.5o30,0
302,4,H,team_bos,0,2,1,3,-195,-175,0
302,5,V,team_wsh,0,1,2,3,5.5u20,5.5u40,0
302,6,H,team_wpg,0,0,0,0,-135,-140,0
302,7,V,team_njd,0,1,2,3,5o20,-130,0
302,8,H,team_buf,0,1,2,4,-120,5o15,1
302,9,V,team_pit,1,3,2,7,5.5u40,5.5u45,1
302,10,H,team_mtl,1,3,2,6,-120,-115,0
302,11,V,team_fla,1,1,0,2,5.5u25,5.5u25,0
302,12,H,team_car,3,2,1,6,-155,-160,0
302,13,V,team_ana,1,2,1,4,5o20,5o30,0
302,14,H,team_ari,1,1,2,5,-120,-115,1
302,15,V,team_lak,0,2,0,2,5u10,5u15,0
302,16,H,team_van,1,3,1,5,-150,-125,0
302,17,V,team_nsh,0,0,1,1,5u35,5u40,0
302,18,H,team_sjs,1,1,0,2,-140,-145,0
303,51,V,team_chi,0,0,1,2,-125,-115,1
303,52,H,team_det,0,0,1,1,5.5u30,5.5u45,0
303,53,V,team_stl,1,0,0,1,-110,-115,0
303,54,H,team_dal,2,0,2,4,5o30,5o35,0
303,55,V,team_col,0,1,0,1,-115,-145,0
303,56,H,team_cbj,0,0,1,2,5.5u35,5.5u40,1
303,57,V,team_ott,0,1,1,2,5o20,5.5u30,0
303,58,H,team_nyi,1,0,1,3,-140,-160,1
303,59,V,team_car,2,1,0,3,-104,-145,0
303,60,H,team_fla,0,1,1,2,5.5u25,5.5u20,0
303,61,V,team_mtl,2,0,2,4,5o04,5o35,0
303,62,H,team_bos,1,2,0,3,-159,-180,0
303,63,V,team_buf,0,1,1,2,5o25,5o20,0
303,64,H,team_nyr,0,0,2,3,-170,-220,1
303,65,V,team_edm,1,0,1,2,5u20,5u20,0
303,66,H,team_min,1,0,3,4,-140,-150,0
303,67,V,team_van,1,1,0,2,-135,-130,0
303,68,H,team_cgy,1,1,2,4,5o25,5o40,0
304,1,V,team_njd,0,2,0,2,5o25,5o35,0
304,2,H,team_tor,1,0,3,4,-120,-120,0
304,3,V,team_tbl,0,2,1,3,6o04,6o20,0
304,4,H,team_pit,1,0,3,4,-180,-170,0
304,5,V,team_ana,1,1,2,4,5o30,-110,0
304,6,H,team_ari,0,2,2,5,-115,5o50,1
304,7,V,team_nsh,0,0,1,1,5u42,5u60,0
304,8,H,team_lak,0,1,4,5,-150,-150,0
305,51,V,team_edm,2,1,0,3,-120,-125,0
305,52,H,team_cbj,2,1,0,4,5.5u35,5.5u40,1
305,53,V,team_tbl,1,2,2,5,5.5u10,5.5,0
305,54,H,team_njd,0,0,2,2,-135,-130,0
305,55,V,team_bos,3,0,0,3,-135,-155,0
305,56,H,team_wsh,0,2,1,4,5.5u40,5.5u45,1
305,57,V,team_buf,0,0,3,3,5.5u20,5.5u30,0
305,58,H,team_car,1,1,2,4,-137,-135,0
305,59,V,team_mtl,1,1,1,3,-115,-120,0
305,60,H,team_nyi,0,3,3,6,5.5u35,5.5u35,0
305,61,V,team_phi,2,0,0,2,5.5u35,5.5u45,0
305,62,H,team_nyr,2,0,2,4,-150,-135,0
305,63,V,team_wpg,0,1,0,1,-104,-125,0
305,64,H,team_fla,1,2,1,4,5.5u20,5.5u20,0
305,65,V,team_col,0,0,1,1,5.5u20,5.5u25,0
305,66,H,team_det,0,2,0,2,-155,-170,0
305,67,V,team_min,1,0,2,3,5u10,5u15,0
305,68,H,team_chi,4,0,1,5,-195,-180,0
305,69,V,team_sjs,1,1,0,3,5u10,5u15,1
305,70,H,team_van,0,2,0,2,-145,-140,0
305,71,V,team_stl,2,2,0,4,5u10,5u25,0
305,72,H,team_lak,1,1,4,6,-130,-135,0
306,1,V,team_ott,0,1,3,4,5o13,5o25,0
306,2,H,team_tor,2,1,2,5,-160,-150,0
306,3,V,team_col,1,1,0,2,5.5u30,5.5u45,0
306,4,H,team_chi,1,0,2,3,-215,-230,0
306,5,V,team_sjs,0,1,0,1,-104,5o30,0
306,6,H,team_cgy,1,0,3,4,5o25,-125,0
306,7,V,team_ari,0,0,0,0,5.5u25,5.5u35,0
306,8,H,team_ana,1,0,1,2,-149,-160,0
307,51,V,team_van,0,0,1,1,-174,-165,0
307,52,H,team_cbj,1,0,0,2,5.5u17,5.5u45,1
307,53,V,team_fla,0,0,1,1,5.5u22,5.5u50,0
307,54,H,team_wsh,4,1,2,7,-162,-160,0
307,55,V,team_mtl,2,0,2,4,5.5u22,-115,0
307,56,H,team_car,0,2,0,2,-108,5.5u30,0
307,57,V,team_buf,0,1,1,2,5o25,5o55,0
307,58,H,team_njd,0,0,2,3,-125,-145,1
307,59,V,team_nyr,0,0,1,2,-108,-115,1
307,60,H,team_nyi,1,0,0,1,5.5u28,5.5u30,0
307,61,V,team_pit,1,3,1,5,-113,-135,0
307,62,H,team_phi,4,0,0,4,6u11,6o30,0
307,63,V,team_tor,0,1,1,2,5.5u27,5.5u25,0
307,64,H,team_bos,1,2,1,4,-190,-210,0
307,65,V,team_wpg,1,0,1,2,6o08,6,0
307,66,H,team_tbl,0,0,1,1,-141,-150,0
307,67,V,team_edm,0,0,0,0,5.5u27,5.5u40,0
307,68,H,team_det,0,2,1,3,-162,-165,0
307,69,V,team_stl,1,3,2,6,-109,-120,0
307,70,H,team_ari,1,1,1,3,5o35,5o40,0
307,71,V,team_dal,1,1,3,5,5o09,5o25,0
307,72,H,team_lak,1,1,0,2,-162,-170,0
308,1,V,team_ott,2,0,1,3,5o04,5u15,0
308,2,H,team_nyr,2,0,0,2,-174,-170,0
308,3,V,team_wpg,2,0,0,3,-107,-125,1
308,4,H,team_fla,1,0,1,2,5.5u06,5.5,0
308,5,V,team_edm,0,0,0,0,5u15,5u15,0
308,6,H,team_nsh,2,2,2,6,-162,-175,0
308,7,V,team_chi,1,0,1,2,-140,-140,0
308,8,H,team_col,1,4,1,6,5.5u32,5.5u45,0
308,9,V,team_cgy,0,0,0,0,5.5u27,5.5u35,0
308,10,H,team_ana,1,2,1,4,-162,-165,0
309,51,V,team_wsh,0,1,1,2,5.5u06,-115,0
309,52,H,team_nyi,1,1,3,5,-120,5.5o20,0
309,53,V,team_phi,0,0,0,0,5.5u10,5.5u15,0
309,54,H,team_bos,3,0,0,3,-173,-170,0
309,55,V,team_det,0,0,0,0,-137,-135,0
309,56,H,team_cbj,1,2,0,3,5.5u27,5.5u40,0
309,57,V,team_stl,1,0,2,4,5o15,5o20,1
309,58,H,team_sjs,1,2,0,3,-122,-130,0
309,59,V,team_njd,1,0,2,3,5.5u27,5.5u30,0
309,60,H,team_car,2,3,1,6,-114,-140,0
309,61,V,team_pit,3,1,0,5,-135,-140,1
309,62,H,team_tor,1,2,1,4,6u10,6o15,0
309,63,V,team_mtl,0,1,3,4,5.5o33,5.5,0
309,64,H,team_tbl,0,3,0,3,-113,-115,0
309,65,V,team_dal,0,1,0,1,5.5u37,5.5u40,0
309,66,H,team_ari,1,1,0,2,-127,-130,0
309,67,V,team_min,0,1,0,2,5u35,5u40,1
309,68,H,team_nsh,0,0,1,1,-132,-125,0
309,69,V,team_cgy,2,0,0,2,5o15,5o30,0
309,70,H,team_lak,3,1,2,6,-178,-220,0
310,1,V,team_nyr,1,2,1,4,-120,-125,0
310,2,H,team_wsh,1,0,0,1,5o20,5o35,0
310,3,V,team_cbj,0,2,0,3,5.5u35,5.5u60,1
310,4,H,team_det,0,1,1,2,-190,-200,0
310,5,V,team_mtl,2,2,1,5,-137,-135,0
310,6,H,team_fla,0,0,2,2,5.5u21,5.5u20,0
310,7,V,team_nyi,0,1,0,1,5.5o35,6,0
310,8,H,team_pit,3,2,1,6,-195,-190,0
310,9,V,team_edm,4,2,0,6,5.5u41,5.5u45,0
310,10,H,team_chi,0,4,1,5,-210,-220,0
310,11,V,team_wpg,1,1,0,2,5.5u16,5.5u30,0
310,12,H,team_njd,2,0,0,3,-127,-130,1
310,13,V,team_buf,1,0,1,2,5.5u05,5.5,0
310,14,H,team_phi,2,1,0,3,-142,-140,0
310,15,V,team_stl,1,0,1,2,5.5u16,5.5u20,0
310,16,H,team_ana,0,1,3,4,-133,-150,0
310,17,V,team_van,0,1,1,2,-125,-130,0
310,18,H,team_min,2,1,1,4,5u10,5u15,0
310,19,V,team_sjs,0,1,1,2,5o25,5o35,0
310,20,H,team_col,1,1,0,3,-118,-130,1
311,51,V,team_bos,1,1,0,3,-145,-170,1
311,52,H,team_ott,2,0,0,2,5o05,5o25,0
311,53,V,team_cgy,0,0,1,1,5o20,5o45,0
311,54,H,team_lak,2,0,1,3,-200,-210,0
312,1,V,team_van,0,1,0,2,-143,-150,1
312,2,H,team_cbj,0,1,0,1,5.5u37,5.5u45,0
312,3,V,team_nyr,0,1,0,1,-132,-155,0
312,4,H,team_buf,0,2,1,3,5o15,5o20,0
312,5,V,team_car,1,2,1,4,5.5u11,5.5u15,0
312,6,H,team_wsh,0,0,0,0,-128,-115,0
312,7,V,team_bos,2,0,0,2,5.5o18,5.5o25,0
312,8,H,team_pit,0,0,3,3,-133,-135,0
312,9,V,team_tbl,2,0,1,3,-116,-140,0
312,10,H,team_fla,0,2,0,2,5.5o33,5.5o40,0
312,11,V,team_tor,0,1,1,2,5.5o07,5.5,0
312,12,H,team_wpg,1,2,2,5,-129,-125,0
312,13,V,team_ana,0,0,2,2,5o04,5o20,0
312,14,H,team_min,1,0,0,1,-109,-115,0
312,15,V,team_sjs,0,1,1,2,5o30,5o35,0
312,16,H,team_stl,1,2,1,4,-137,-130,0
312,17,V,team_nsh,1,2,1,4,5u15,5u15,0
312,18,H,team_dal,0,0,0,0,-120,-125,0
312,19,V,team_edm,2,1,1,4,5.5u30,5.5u30,0
312,20,H,team_col,0,0,0,0,-145,-150,0
312,21,V,team_lak,0,1,1,2,5o04,5o20,0
312,22,H,team_ari,2,2,1,5,-115,-120,0
313,51,V,team_ott,1,1,1,3,5u10,5u15,0
313,52,H,team_mtl,1,2,0,4,-170,-190,1
313,53,V,team_phi,1,0,1,2,5.5u25,5.5u30,0
313,54,H,team_njd,3,1,1,5,-120,-115,0
313,55,V,team_det,1,1,0,2,-104,-115,0
313,56,H,team_cgy,2,0,3,5,5o30,5o50,0
314,1,V,team_fla,0,1,0,1,5.5u22,5.5u30,0
314,2,H,team_bos,2,0,2,4,-270,-270,0
314,3,V,team_chi,0,1,0,2,-159,-170,1
314,4,H,team_cbj,0,1,0,1,5.5u32,5.5u35,0
314,5,V,team_pit,0,0,3,3,-129,-140,0
314,6,H,team_tor,0,1,0,1,6u06,6o20,0
314,7,V,team_wsh,0,1,2,3,5.5u06,5.5,0
314,8,H,team_car,2,0,0,2,-160,-165,0
314,9,V,team_nyi,0,1,1,2,6u06,6o15,0
314,10,H,team_tbl,0,0,0,0,-132,-120,0
314,11,V,team_nyr,0,1,0,1,-104,-110,0
314,12,H,team_wpg,1,1,1,3,5o20,5o25,0
314,13,V,team_col,1,1,1,3,5o04,5,0
314,14,H,team_min,1,3,1,5,-154,-150,0
314,15,V,team_ari,0,0,0,0,5o25,5o30,0
314,16,H,team_stl,0,1,2,3,-143,-135,0
314,17,V,team_ana,0,1,0,2,-108,5o45,1
314,18,H,team_dal,1,0,0,1,5o35,-115,0
314,19,V,team_nsh,1,1,2,4,5u35,5u25,0
314,20,H,team_van,3,2,2,7,-154,-165,0
314,21,V,team_lak,0,1,2,3,5o04,5,0
314,22,H,team_sjs,1,2,1,4,-115,-115,0
315,51,V,team_njd,0,1,0,1,5.5u17,5.5u20,0
315,52,H,team_phi,1,0,0,2,-149,-150,1
315,53,V,team_nsh,0,1,2,3,5o09,5,0
315,54,H,team_cgy,2,1,3,6,-125,-140,0
315,55,V,team_det,0,0,2,3,5o45,-120,1
315,56,H,team_edm,1,1,0,2,-109,5o40,0
316,1,V,team_nyr,0,0,0,0,5.5u05,5.5u20,0
316,2,H,team_pit,1,0,2,3,-155,-165,0
316,3,V,team_wsh,0,1,0,1,5.5u22,5.5u25,0
316,4,H,team_bos,2,1,1,4,-200,-230,0
316,5,V,team_ott,0,3,0,4,5o15,5o30,1
316,6,H,team_buf,2,0,1,3,-125,-130,0
316,7,V,team_min,4,1,1,6,5o15,-110,0
316,8,H,team_col,1,2,1,4,-122,5o15,0
316,9,V,team_ari,0,0,0,0,-113,-110,0
316,10,H,team_cbj,0,0,0,1,5o15,5o20,1
316,11,V,team_mtl,1,0,1,2,-113,-140,0
316,12,H,team_njd,0,1,0,1,5o40,5o50,0
316,13,V,team_car,0,0,1,1,6u17,-110,0
316,14,H,team_tbl,1,2,1,4,-108,6u15,0
316,15,V,team_wpg,0,4,0,5,5.5u06,5.5,1
316,16,H,team_tor,1,2,1,4,-137,-140,0
316,17,V,team_nyi,2,1,1,4,-119,-130,0
316,18,H,team_fla,0,0,3,3,5.5u06,5.5,0
316,19,V,team_chi,3,3,2,8,-128,-140,0
316,20,H,team_dal,0,0,1,1,5.5u27,5.5u40,0
316,21,V,team_ana,1,0,0,1,5.5u22,5.5u25,0
316,22,H,team_stl,0,1,0,2,-118,-140,1
316,23,V,team_det,1,1,3,5,5o35,5o40,0
316,24,H,team_van,1,0,1,2,-170,-190,0
316,25,V,team_sjs,0,1,1,2,5o15,5o30,0
316,26,H,team_lak,2,3,0,5,-148,-150,0
317,51,V,team_bos,1,0,0,1,5.5o15,5.5,0
317,52,H,team_pit,2,0,0,2,-133,-125,0
317,53,V,team_wpg,0,0,1,1,5o20,5o45,0
317,54,H,team_ott,2,0,2,4,-117,-150,0
317,55,V,team_buf,0,2,1,3,5.5u31,5.5u35,0
317,56,H,team_wsh,1,3,1,5,-132,-140,0
317,57,V,team_nsh,0,1,1,2,5u09,5o15,0
317,58,H,team_edm,0,1,2,3,-119,-125,0
318,1,V,team_car,1,0,0,1,5.5u35,5.5u45,0
318,2,H,team_nyr,0,1,0,2,-140,-155,1
318,3,V,team_phi,1,1,0,2,6u15,-115,0
318,4,H,team_tbl,2,0,2,4,-110,6u15,0
318,5,V,team_cgy,0,2,1,3,5.5u25,5.5u25,0
318,6,H,team_dal,3,0,1,4,-130,-140,0
318,7,V,team_chi,2,2,1,5,-140,-160,0
318,8,H,team_col,1,1,0,2,5.5u25,5.5u20,0
318,9,V,team_sjs,1,1,1,3,5o25,5o30,0
318,10,H,team_ana,1,3,1,5,-150,-145,0
318,11,V,team_min,0,1,2,3,5o04,5o20,0
318,12,H,team_van,0,1,0,1,-160,-150,0
318,13,V,team_ari,0,0,0,0,5o15,5o25,0
318,14,H,team_lak,1,1,2,4,-160,-180,0
319,51,V,team_fla,0,0,4,4,5.5u10,5.5,0
319,52,H,team_car,0,0,1,1,-180,-180,0
319,53,V,team_nsh,0,1,2,3,5u20,5u25,0
319,54,H,team_cbj,0,2,2,4,-110,-115,0
319,55,V,team_nyr,2,1,0,3,5u10,5u30,0
319,56,H,team_njd,2,0,0,2,-115,-120,0
319,57,V,team_ott,1,0,4,5,5o30,5.5u40,0
319,58,H,team_nyi,1,2,0,3,-130,-135,0
319,59,V,team_buf,2,0,0,3,5.5u30,5.5u30,1
319,60,H,team_mtl,0,0,2,2,-180,-220,0
319,61,V,team_wsh,0,1,0,1,6u20,6u20,0
319,62,H,team_pit,0,1,1,2,-205,-220,0
319,63,V,team_bos,0,1,0,1,-130,-160,0
319,64,H,team_wpg,0,0,3,3,5.5u40,5.5u50,0
319,65,V,team_stl,0,0,2,2,5.5u40,5.5u50,0
319,66,H,team_van,0,3,0,3,-130,-120,0
319,67,V,team_ari,0,0,2,2,5o05,5o25,0
319,68,H,team_lak,1,1,1,3,-165,-190,0
320,1,V,team_tbl,0,0,2,2,6u10,6u15,0
320,2,H,team_tor,1,3,0,4,-129,-145,0
320,3,V,team_min,1,3,0,4,5o10,5o15,0
320,4,H,team_det,0,1,1,2,-132,-145,0
320,5,V,team_sjs,1,0,2,4,-104,-120,1
320,6,H,team_edm,1,1,1,3,5o15,5o40,0
320,7,V,team_dal,2,1,0,3,5.5u37,5.5u30,0
320,8,H,team_col,0,2,2,4,-125,-120,0
320,9,V,team_chi,1,1,0,2,5.5u21,-110,0
320,10,H,team_ana,1,0,3,4,-106,5.5u35,0
321,51,V,team_fla,1,1,1,3,5o15,5o20,0
321,52,H,team_nyr,0,0,1,1,-210,-250,0
321,53,V,team_tor,2,1,1,4,5.5u15,5.5u20,0
321,54,H,team_buf,1,2,1,5,-115,-115,1
321,55,V,team_njd,1,2,1,4,5o20,5o45,0
321,56,H,team_car,0,0,1,1,-119,-120,0
321,57,V,team_mtl,1,1,3,5,-117,-145,0
321,58,H,team_nyi,1,1,0,2,5.5u16,5.5o15,0
321,59,V,team_bos,0,1,1,2,-144,-150,0
321,60,H,team_ott,0,1,0,1,5o15,5o15,0
321,61,V,team_wsh,2,0,2,4,5.5u16,5.5u25,0
321,62,H,team_wpg,0,0,0,0,-144,-140,0
321,63,V,team_van,1,0,1,2,-108,-115,0
321,64,H,team_ari,0,0,1,1,5o20,5o25,0
321,65,V,team_cgy,2,0,1,3,5o10,5o30,0
321,66,H,team_nsh,2,2,1,5,-137,-140,0
321,67,V,team_dal,0,0,2,2,5o30,5o30,0
321,68,H,team_lak,0,0,0,0,-190,-220,0
322,1,V,team_cgy,0,1,0,1,5.5u25,5.5u45,0
322,2,H,team_cbj,1,3,1,5,-135,-145,0
322,3,V,team_wsh,2,2,2,6,5.5u20,5.5u40,0
322,4,H,team_wpg,0,0,1,1,-145,-135,0
322,5,V,team_pit,0,2,2,4,-145,-170,0
322,6,H,team_nyi,1,1,0,2,6u15,6o15,0
322,7,V,team_det,2,2,1,5,5.5u20,5.5u45,0
322,8,H,team_ana,1,0,0,1,-155,-175,0
323,51,V,team_sjs,0,0,0,0,5o04,5o15,0
323,52,H,team_min,0,1,1,2,-129,-135,0
323,53,V,team_tbl,0,0,3,3,5.5u16,5.5u20,0
323,54,H,team_ott,4,0,1,5,-138,-140,0
323,55,V,team_van,1,0,0,1,5o25,5o15,0
323,56,H,team_lak,0,0,0,0,-137,-155,0
323,57,V,team_fla,0,1,0,1,5o10,5o15,0
323,58,H,team_njd,0,2,0,2,-187,-200,0
323,59,V,team_bos,0,0,2,2,-144,-140,0
323,60,H,team_tor,1,1,1,3,5o20,5o45,0
323,61,V,team_buf,0,2,0,2,5.5u21,5.5u30,0
323,62,H,team_mtl,0,0,1,1,-195,-200,0
323,63,V,team_cbj,1,1,0,2,5o10,5o15,0
323,64,H,team_nsh,4,0,1,5,-149,-165,0
323,65,V,team_col,0,1,1,2,5.5u16,5.5u40,0
323,66,H,team_dal,2,2,1,5,-139,-150,0
323,67,V,team_stl,1,0,2,3,-123,-145,0
323,68,H,team_edm,0,0,0,0,5.5u37,5.5u45,0
324,1,V,team_fla,0,0,0,0,5.5u10,5.5,0
324,2,H,team_nyi,1,0,2,3,-163,-200,0
324,3,V,team_wsh,2,0,0,3,5o15,5,1
324,4,H,team_nyr,2,0,0,2,-160,-155,0
324,5,V,team_phi,0,1,0,1,6o15,6o30,0
324,6,H,team_pit,0,0,1,2,-180,-190,1
324,7,V,team_tbl,0,1,1,2,6u20,6u25,0
324,8,H,team_wpg,1,2,0,3,-153,-155,0
324,9,V,team_stl,0,1,1,2,-118,-140,0
324,10,H,team_cgy,1,1,1,3,5.5u26,5.5u35,0
324,11,V,team_det,2,0,0,2,5.5u26,5.5u40,0
324,12,H,team_ana,0,1,0,1,-155,-150,0
324,13,V,team_van,1,2,0,3,-120,-135,0
324,14,H,team_col,1,0,1,2,5.5u21,5.5u35,0
325,51,V,team_tor,0,2,0,2,5.5u30,5.5u35,0
325,52,H,team_bos,0,1,1,3,-200,-200,1
325,53,V,team_njd,0,1,1,2,5o04,5u20,0
325,54,H,team_ott,1,1,0,3,-130,-140,1
325,55,V,team_lak,0,3,2,5,5o25,5o30,0
325,56,H,team_chi,1,2,1,4,-145,-145,0
325,57,V,team_edm,1,0,1,2,5o20,5o15,0
325,58,H,team_nsh,1,2,0,3,-145,-150,0
325,59,V,team_min,1,3,3,7,-104,-110,0
325,60,H,team_dal,2,1,1,4,5o15,5o15,0
325,61,V,team_sjs,2,1,2,5,5o30,5o30,0
325,62,H,team_ana,0,1,2,3,-135,-140,0
325,63,V,team_det,1,1,1,3,5o35,5o45,0
325,64,H,team_ari,2,0,0,2,-120,-145,0
326,1,V,team_fla,1,0,1,2,5.5o04,5.5u20,0
326,2,H,team_tor,0,1,2,3,-177,-160,0
326,3,V,team_wpg,1,2,1,4,6u35,5.5u15,0
326,4,H,team_car,1,0,0,1,-122,-130,0
326,5,V,team_nyi,2,0,1,3,5.5u10,5.5u15,0
326,6,H,team_wsh,0,2,0,2,-142,-145,0
326,7,V,team_mtl,0,0,0,0,6u35,5.5u15,0
326,8,H,team_pit,0,1,0,1,-153,-155,0
326,9,V,team_buf,0,0,1,1,5.5o23,5.5o25,0
326,10,H,team_tbl,1,1,0,2,-132,-125,0
326,11,V,team_nyr,1,2,2,5,5o25,5o30,0
326,12,H,team_phi,0,1,1,2,-114,-115,0
326,13,V,team_edm,1,2,0,3,5.5u41,5.5u45,0
326,14,H,team_stl,0,0,0,0,-205,-230,0
326,15,V,team_cgy,0,0,0,0,5.5u21,5.5u20,0
326,16,H,team_chi,1,1,0,2,-200,-200,0
326,17,V,team_cbj,0,0,0,0,5o15,5o20,0
326,18,H,team_van,0,0,0,1,-190,-180,1
327,51,V,team_mtl,1,1,3,6,5o30,5o20,1
327,52,H,team_bos,0,4,1,5,-164,-175,0
327,53,V,team_ari,0,2,1,3,5o25,5o20,0
327,54,H,team_min,1,1,1,4,-162,-160,1
327,55,V,team_ana,0,0,0,0,5o25,-110,0
327,56,H,team_sjs,3,0,1,4,-114,5o45,0
327,57,V,team_col,0,2,1,3,5.5u15,-115,0
327,58,H,team_cgy,2,2,0,4,-134,5.5u20,0
328,1,V,team_wpg,0,0,0,0,5.5u10,5.5o20,0
328,2,H,team_pit,2,2,0,4,-195,-200,0
328,3,V,team_car,0,2,1,3,5u10,5.5,0
328,4,H,team_tor,1,1,4,6,-140,-140,0
328,5,V,team_nyi,0,1,2,4,5.5o10,5.5o15,1
328,6,H,team_phi,2,0,1,3,-145,-135,0
328,7,V,team_nyr,0,0,0,0,5u15,-115,0
328,8,H,team_ott,0,1,2,3,-110,5u20,0
328,9,V,team_buf,0,3,1,4,-104,-110,0
328,10,H,team_fla,1,1,2,5,5o10,5o30,1
328,11,V,team_ari,6,1,0,7,5o10,5o20,0
328,12,H,team_nsh,3,0,1,4,-160,-160,0
328,13,V,team_lak,0,2,2,4,5o10,5u15,0
328,14,H,team_stl,0,1,1,2,-130,-125,0
328,15,V,team_cbj,2,1,1,4,5o15,5o20,0
328,16,H,team_edm,1,2,3,6,-130,-130,0
328,17,V,team_col,0,0,1,1,5o30,5o45,0
328,18,H,team_van,1,0,3,4,-200,-240,0
328,19,V,team_det,0,0,0,0,5o10,5o20,0
328,20,H,team_sjs,1,0,1,2,-130,-120,0
329,51,V,team_njd,0,3,1,4,5.5u35,5.5u50,0
329,52,H,team_tbl,0,2,2,5,-115,-125,1
329,53,V,team_min,1,1,1,3,-110,5.5u35,0
329,54,H,team_dal,2,0,3,5,5o30,-120,0
329,55,V,team_ana,0,1,1,2,5.5u25,5.5u35,0
329,56,H,team_chi,0,0,1,1,-150,-160,0
329,57,V,team_cbj,1,4,1,6,5o30,5o50,0
329,58,H,team_cgy,0,3,1,4,-145,-150,0
330,1,V,team_nyi,0,0,0,0,5.5o10,5.5o30,0
330,2,H,team_pit,0,0,2,2,-215,-240,0
330,3,V,team_bos,0,0,1,1,-125,-155,0
330,4,H,team_phi,1,1,1,3,5.5u40,5.5u30,0
330,5,V,team_car,2,0,1,3,5.5u10,5.5,0
330,6,H,team_wpg,0,1,0,1,-150,-135,0
330,7,V,team_nsh,0,0,0,0,5o30,5o35,0
330,8,H,team_col,0,0,0,1,-110,-115,1
330,9,V,team_wsh,0,1,2,4,5o25,-125,1
330,10,H,team_buf,1,2,0,3,-120,5o50,0
330,11,V,team_tor,1,1,2,4,5o20,5.5u30,0
330,12,H,team_ott,0,0,0,0,-125,-130,0
330,13,V,team_nyr,0,0,0,0,5o10,5o20,0
330,14,H,team_mtl,2,1,0,3,-150,-165,0
330,15,V,team_njd,1,0,1,2,-115,-110,0
330,16,H,team_fla,1,0,1,3,5o10,5o20,1
330,17,V,team_lak,1,2,0,3,5o05,-125,0
330,18,H,team_min,1,1,1,4,-115,5,1
330,19,V,team_van,0,0,0,0,-135,-135,0
330,20,H,team_edm,4,0,0,4,5o20,5o15,0
330,21,V,team_ari,1,0,1,2,5o15,5o25,0
330,22,H,team_sjs,0,1,1,3,-155,-175,1
331,51,V,team_chi,3,2,2,7,-104,-110,0
331,52,H,team_det,0,0,1,1,5o35,5o30,0
331,53,V,team_ana,0,0,1,1,-130,-145,0
331,54,H,team_cbj,0,1,0,2,5.5u25,5.5u50,1
331,55,V,team_lak,1,0,2,3,-110,-115,0
331,56,H,team_dal,0,1,1,2,5o25,5o60,0
331,57,V,team_bos,0,0,2,2,-145,-170,0
331,58,H,team_buf,0,0,0,0,5.5u40,5.5u25,0
331,59,V,team_wsh,1,1,2,4,5.5o09,5.5o15,0
331,60,H,team_phi,2,0,2,5,-130,-115,1
401,1,V,team_nyi,2,0,1,3,5.5u35,5.5u50,0
401,2,H,team_njd,0,1,0,1,-135,-125,0
401,3,V,team_wpg,2,0,0,2,5o20,5o15,0
401,4,H,team_nyr,1,1,2,4,-140,-155,0
401,5,V,team_car,1,0,0,1,5.5u25,5.5u25,0
401,6,H,team_mtl,1,1,2,4,-180,-180,0
401,7,V,team_col,0,0,2,2,5.5u25,5.5u30,0
401,8,H,team_det,1,2,0,3,-165,-175,0
401,9,V,team_stl,1,2,1,4,5.5u25,5o15,0
401,10,H,team_min,0,1,0,1,-120,-125,0
401,11,V,team_nsh,0,0,2,2,5o10,5o30,0
401,12,H,team_chi,1,1,0,3,-170,-180,1
401,13,V,team_ana,0,3,1,4,-110,-115,0
401,14,H,team_dal,0,0,0,0,5o25,5o50,0
401,15,V,team_cgy,0,0,1,1,5.5u35,5.5u25,0
401,16,H,team_edm,3,0,1,4,-145,-170,0
401,17,V,team_van,0,1,1,2,5o10,5o15,0
401,18,H,team_sjs,0,3,0,3,-120,-130,0
402,51,V,team_wpg,1,1,0,2,5.5u20,5.5u20,0
402,52,H,team_nyi,1,2,2,5,-125,-130,0
402,53,V,team_wsh,1,4,0,5,5.5u10,5.5,0
402,54,H,team_car,2,1,0,3,-125,-115,0
402,55,V,team_ott,1,0,1,2,5o10,5u20,0
402,56,H,team_bos,2,0,1,3,-190,-180,0
402,57,V,team_buf,2,2,0,4,5.5u30,5.5u30,0
402,58,H,team_pit,1,0,0,1,-215,-275,0
402,59,V,team_fla,1,1,0,3,5.5o10,5.5o20,1
402,60,H,team_tbl,0,0,2,2,-160,-155,0
402,61,V,team_col,0,0,1,1,5o20,5o30,0
402,62,H,team_nsh,0,0,3,3,-160,-170,0
402,63,V,team_lak,1,0,0,1,-130,-135,0
402,64,H,team_ari,1,1,1,3,5o25,5o30,0
403,1,V,team_mtl,1,2,0,3,-125,-140,0
403,2,H,team_phi,0,2,3,5,5.5u05,5.5u15,0
403,3,V,team_pit,0,1,0,1,-104,5o35,0
403,4,H,team_nyr,3,2,1,6,5o25,-120,0
403,5,V,team_edm,2,3,3,8,-104,-130,0
403,6,H,team_cgy,2,0,0,2,5.5u21,5.5u25,0
403,7,V,team_dal,0,0,2,2,5.5u37,5.5u45,0
403,8,H,team_ana,1,2,2,5,-170,-200,0
403,9,V,team_min,0,2,0,2,5o10,5o15,0
403,10,H,team_sjs,2,1,1,4,-144,-145,0
404,51,V,team_tbl,0,3,2,5,5.5o23,5.5o30,0
404,52,H,team_car,0,0,0,0,-122,-125,0
404,53,V,team_njd,0,0,0,0,5o15,5u15,0
404,54,H,team_bos,0,1,0,1,-180,-210,0
404,55,V,team_nyi,0,0,1,1,5.5o04,5.5,0
404,56,H,team_wsh,1,0,0,2,-132,-150,1
404,57,V,team_phi,2,2,1,5,5.5o25,5.5o30,0
404,58,H,team_tor,2,0,1,3,-134,-155,0
404,59,V,team_wpg,1,0,0,1,5.5u16,5.5u30,0
404,60,H,team_mtl,1,2,1,4,-173,-155,0
404,61,V,team_cbj,0,1,2,3,5o20,5u15,0
404,62,H,team_nsh,0,1,0,1,-153,-130,0
404,63,V,team_stl,1,0,2,4,5.5u26,5.5u30,1
404,64,H,team_chi,0,2,1,3,-149,-155,0
404,65,V,team_det,1,0,1,2,5o40,-115,0
404,66,H,team_ari,0,3,1,4,-115,5o35,0
404,67,V,team_edm,0,0,0,0,5o15,5o30,0
404,68,H,team_van,1,1,2,4,-178,-175,0
404,69,V,team_min,0,0,0,0,5o10,5o20,0
404,70,H,team_lak,2,1,0,3,-174,-180,0
405,1,V,team_cbj,0,1,0,1,5o25,5o30,0
405,2,H,team_stl,0,2,1,3,-157,-165,0
405,3,V,team_nyr,0,0,1,1,5o25,5o35,0
405,4,H,team_pit,0,0,1,2,-139,-135,1
405,5,V,team_ott,1,0,1,2,-108,-130,0
405,6,H,team_buf,1,0,3,4,5o20,5o25,0
405,7,V,team_det,2,0,0,3,-104,-110,1
405,8,H,team_col,1,0,1,2,5.5u31,5.5u40,0
405,9,V,team_dal,3,0,0,3,5.5u35,5.5u40,0
405,10,H,team_ana,1,0,0,1,-190,-200,0
405,11,V,team_cgy,1,0,0,1,5.5u16,5.5u35,0
405,12,H,team_sjs,0,0,2,2,-240,-270,0
406,51,V,team_chi,1,0,0,1,-125,-135,0
406,52,H,team_nsh,0,0,0,0,5o20,5o30,0
406,53,V,team_phi,1,0,0,1,5.5o19,5.5o25,0
406,54,H,team_wpg,0,4,0,4,-134,-115,0
406,55,V,team_edm,0,1,0,1,5o30,5o35,0
406,56,H,team_lak,2,1,1,4,-173,-180,0
406,57,V,team_tbl,0,1,1,2,5.5o14,5.5o15,0
406,58,H,team_nyi,1,1,2,4,-125,-120,0
406,59,V,team_nyr,0,3,1,4,-110,-120,0
406,60,H,team_car,0,0,1,1,5o25,5o35,0
406,61,V,team_bos,0,1,0,1,5o15,-115,0
406,62,H,team_mtl,1,1,0,2,-118,5o20,0
406,63,V,team_tor,1,0,1,2,5.5u37,5.5u55,0
406,64,H,team_njd,0,0,1,1,-123,-130,0
406,65,V,team_wsh,1,3,0,4,-118,-140,0
406,66,H,team_fla,0,0,3,3,5.5u11,5.5u40,0
406,67,V,team_col,0,0,0,0,5.5u37,5.5u35,0
406,68,H,team_ari,1,3,0,4,-144,-190,0
406,69,V,team_cgy,1,0,1,2,5.5u16,5.5u35,0
406,70,H,team_van,2,2,1,5,-260,-300,0
407,1,V,team_stl,0,1,0,1,5.5u20,-110,0
407,2,H,team_det,0,0,0,0,-115,5.5u30,0
407,3,V,team_dal,0,2,2,5,5o25,5o25,1
407,4,H,team_sjs,1,3,0,4,-193,-210,0
407,5,V,team_min,0,2,1,3,5o25,5o20,0
407,6,H,team_cbj,0,0,0,0,-115,-115,0
407,7,V,team_ott,1,0,0,1,-120,-155,0
407,8,H,team_fla,0,1,1,2,5o20,5o30,0
407,9,V,team_njd,1,0,1,2,5o25,5,0
407,10,H,team_buf,1,1,0,3,-115,-115,1
407,11,V,team_tbl,1,1,0,2,5.5o20,5.5o25,0
407,12,H,team_wsh,0,3,1,4,-147,-145,0
407,13,V,team_nsh,1,1,1,3,5o20,5o25,0
407,14,H,team_chi,1,1,3,5,-180,-210,0
407,15,V,team_lak,0,2,1,3,5o20,5o20,0
407,16,H,team_ana,1,1,1,4,-125,-115,1
408,51,V,team_nyr,0,1,2,3,-104,-115,0
408,52,H,team_tor,1,2,1,4,5o30,5o25,0
408,53,V,team_car,0,0,2,2,5o30,5.5u45,0
408,54,H,team_bos,3,2,1,6,-215,-255,0
408,55,V,team_cgy,0,2,1,3,5.5u30,5.5u15,0
408,56,H,team_col,0,1,0,1,-150,-155,0
408,57,V,team_edm,0,0,1,1,5.5u35,5.5u35,0
408,58,H,team_ana,1,0,1,2,-160,-150,0
408,59,V,team_ari,0,0,0,0,5o20,5,0
408,60,H,team_van,1,0,1,2,-170,-160,0
409,1,V,team_sjs,0,0,0,0,-113,-125,0
409,2,H,team_cbj,1,2,1,4,5o04,5,0
409,3,V,team_phi,1,0,0,1,5.5o23,5.5o30,0
409,4,H,team_nyi,1,1,2,4,-125,-140,0
409,5,V,team_pit,2,0,3,5,-148,-170,0
409,6,H,team_car,2,0,1,3,5.5u26,5.5u30,0
409,7,V,team_wsh,0,2,1,3,5.5u21,5.5u25,0
409,8,H,team_mtl,1,0,1,2,-149,-155,0
409,9,V,team_ott,1,0,1,2,5.5u05,5.5u15,0
409,10,H,team_tbl,0,2,1,3,-129,-135,0
409,11,V,team_buf,0,0,1,1,5.5u26,5.5u45,0
409,12,H,team_wpg,0,3,1,4,-159,-155,0
409,13,V,team_stl,0,1,0,1,-125,-130,0
409,14,H,team_nsh,0,0,0,0,5o09,5u15,0
409,15,V,team_chi,0,1,0,1,-108,-120,0
409,16,H,team_min,0,0,0,0,5o15,5o25,0
409,17,V,team_lak,1,0,0,1,-133,-140,0
409,18,H,team_dal,1,0,4,5,5o30,5o25,0
410,51,V,team_tor,0,1,1,2,5o25,5o30,0
410,52,H,team_nyr,0,2,0,3,-153,-175,1
410,53,V,team_bos,3,1,1,5,-139,-140,0
410,54,H,team_njd,0,2,2,4,5u25,5u30,0
410,55,V,team_van,1,0,3,4,-178,-190,0
410,56,H,team_cgy,1,0,0,1,5.5u31,5.5u50,0
410,57,V,team_ari,0,2,1,3,5.5u37,5.5u50,0
410,58,H,team_edm,0,0,1,1,-118,-125,0
410,59,V,team_col,1,3,0,4,5.5u27,5.5u35,0
410,60,H,team_ana,0,1,0,1,-205,-250,0
411,1,V,team_nyi,1,1,0,2,5.5u32,5.5u50,0
411,2,H,team_bos,0,1,0,1,-178,-160,0
411,3,V,team_car,1,0,0,1,5.5u06,5.5,0
411,4,H,team_wsh,0,2,1,3,-190,-190,0
411,5,V,team_ott,1,0,2,3,5.5u17,5.5u25,0
411,6,H,team_phi,1,0,0,1,-128,-135,0
411,7,V,team_mtl,2,2,1,5,-133,-140,0
411,8,H,team_buf,0,0,1,1,5o34,5o60,0
411,9,V,team_pit,2,1,3,6,-129,-140,0
411,10,H,team_tbl,1,1,1,3,5.5o18,5.5o25,0
411,11,V,team_sjs,1,0,1,3,5o14,5o20,1
411,12,H,team_det,0,1,1,2,-113,-120,0
411,13,V,team_stl,1,0,1,2,-109,-110,0
411,14,H,team_min,0,0,0,0,5u15,5u30,0
411,15,V,team_fla,2,0,0,2,5.5u27,5.5u35,0
411,16,H,team_wpg,3,3,1,7,-163,-170,0
411,17,V,team_col,0,1,1,2,5o29,5o40,0
411,18,H,team_lak,2,0,0,3,-245,-290,1
412,51,V,team_stl,1,0,0,1,-114,-110,0
412,52,H,team_cbj,1,2,1,4,5o04,5u15,0
412,53,V,team_ott,0,2,0,2,5o04,5,0
412,54,H,team_njd,0,0,0,0,-144,-140,0
412,55,V,team_dal,2,2,1,5,5o15,5o40,0
412,56,H,team_nsh,1,0,1,2,-125,-120,0
412,57,V,team_det,0,2,0,2,5o25,5o35,0
412,58,H,team_chi,0,1,1,3,-180,-210,1
412,59,V,team_ari,1,0,1,2,-145,-155,0
412,60,H,team_cgy,1,1,0,3,5o25,5o50,1
413,1,V,team_van,0,2,1,3,-160,-175,0
413,2,H,team_col,1,0,3,4,5o15,5o25,0
413,3,V,team_phi,0,0,0,0,5.5u15,5.5o15,0
413,4,H,team_buf,0,0,1,1,-115,-120,0
413,5,V,team_nyr,0,0,0,1,5o15,5o30,1
413,6,H,team_nyi,0,0,0,0,-110,-115,0
413,7,V,team_bos,1,1,0,2,-165,-170,0
413,8,H,team_car,1,1,2,4,5o30,5.5u25,0
413,9,V,team_mtl,1,0,0,1,-104,-115,0
413,10,H,team_tor,4,1,0,5,5.5u25,5.5u20,0
413,11,V,team_tbl,0,2,3,5,6u20,6u20,0
413,12,H,team_wsh,3,2,0,6,-165,-165,1
413,13,V,team_pit,2,0,1,3,-180,-200,0
413,14,H,team_fla,0,1,0,1,5.5o05,5.5u15,0
413,15,V,team_cbj,0,2,0,3,5o04,5,1
413,16,H,team_min,1,0,1,2,-144,-150,0
413,17,V,team_sjs,0,0,1,1,-134,-145,0
413,18,H,team_dal,2,0,0,2,5.5u42,5.5u45,0
413,19,V,team_cgy,1,2,1,4,5.5u22,5.5,0
413,20,H,team_edm,1,0,0,1,-190,-200,0
413,21,V,team_ana,0,1,0,1,5o15,5o35,0
413,22,H,team_lak,1,1,0,2,-145,-145,0
414,51,V,team_chi,0,1,1,2,5.5u25,-110,0
414,52,H,team_stl,0,0,0,0,-119,5o25,0
414,53,V,team_tbl,0,1,0,1,5.5o08,5.5o15,0
414,54,H,team_buf,1,2,0,3,-123,-130,0
414,55,V,team_det,0,1,2,3,-114,-140,0
414,56,H,team_nsh,0,0,0,0,5o09,5u20,0
415,1,V,team_njd,0,0,0,0,5o35,5o30,0
415,2,H,team_tor,0,0,2,2,-145,-150,0
415,5,V,team_phi,2,4,1,7,5.5u10,5.5u20,0
415,6,H,team_mtl,1,2,0,3,-193,-210,0
415,7,V,team_van,2,1,2,5,-150,-175,0
415,8,H,team_nsh,0,2,0,2,5o15,5u15,0
415,9,V,team_dal,0,1,1,2,5.5u25,5.5u30,0
415,10,H,team_chi,1,1,3,5,-182,-200,0
415,11,V,team_min,1,1,2,4,-135,-155,0
415,12,H,team_cgy,0,0,3,3,5o25,5o35,0
415,13,V,team_cbj,0,1,2,4,-110,-120,1
415,14,H,team_col,0,1,2,3,5o20,5o20,0
415,15,V,team_sjs,0,3,1,4,-104,-110,0
415,16,H,team_ari,0,0,0,0,5o15,5u15,0
416,51,V,team_fla,1,1,0,2,5.5u25,5.5u25,0
416,52,H,team_nyi,3,2,0,5,-205,-230,0
416,53,V,team_tor,0,0,1,1,5.5o10,5.5o20,0
416,54,H,team_wsh,1,3,1,5,-150,-165,0
416,55,V,team_car,0,1,1,2,5.5u40,5.5u30,0
416,56,H,team_ott,1,2,0,3,-165,-170,0
416,57,V,team_nyr,0,1,1,2,-135,-155,0
416,58,H,team_phi,2,1,1,4,5o20,5.5u30,0
416,59,V,team_tbl,1,0,2,3,5.5o15,5.5o20,0
416,60,H,team_wpg,1,2,0,4,-160,-140,1
416,61,V,team_van,0,1,0,1,5u15,5u30,0
416,62,H,team_stl,0,0,1,2,-125,-135,1
416,63,V,team_min,1,2,2,5,5u10,5,0
416,64,H,team_edm,1,0,2,3,-120,-115,0
416,65,V,team_lak,0,2,0,2,-104,-110,0
416,66,H,team_sjs,0,2,0,3,5o20,5,1
417,1,V,team_mtl,0,2,2,4,5.5u27,5.5u30,0
417,2,H,team_pit,3,2,1,6,-134,-140,0
417,3,V,team_buf,1,0,1,3,5o25,5o35,1
417,4,H,team_bos,1,1,0,2,-205,-260,0
417,5,V,team_det,0,1,1,2,-153,-170,0
417,6,H,team_cgy,1,0,2,3,5.5u32,5.5u40,0
417,7,V,team_cbj,0,1,1,3,5o15,5,1
417,8,H,team_ana,1,0,1,2,-153,-165,0
418,51,V,team_fla,1,0,0,1,5o15,5u15,0
418,52,H,team_nyr,2,1,3,6,-255,-290,0
418,53,V,team_nyi,3,1,1,5,5.5u10,5.5,0
418,54,H,team_tor,2,0,1,3,-125,-130,0
418,55,V,team_njd,0,1,2,3,5.5u45,5.5u50,0
418,56,H,team_phi,0,0,0,0,-140,-140,0
418,57,V,team_wsh,0,1,0,1,5.5u35,-110,0
418,58,H,team_ott,0,2,1,3,-115,5.5u50,0
418,59,V,team_tbl,0,1,1,2,5.5o05,5.5o20,0
418,60,H,team_mtl,0,2,1,3,-180,-160,0
418,61,V,team_car,0,1,2,3,5.5u10,5.5,0
418,62,H,team_wpg,1,1,1,4,-165,-170,1
418,63,V,team_ari,0,0,1,1,5u30,5u20,0
418,64,H,team_stl,1,0,0,2,-180,-175,1
418,65,V,team_van,0,1,0,1,-140,-135,0
418,66,H,team_dal,0,1,4,5,5.5u45,5.5u55,0
418,67,V,team_min,0,1,0,1,5u15,5u25,0
418,68,H,team_sjs,1,2,3,6,-155,-165,0
418,69,V,team_cbj,0,1,0,1,5u15,5u15,0
418,70,H,team_lak,1,1,0,2,-175,-200,0
419,3,V,team_nyr,3,4,1,8,-123,-130,0
419,4,H,team_buf,0,3,1,4,5o15,5,0
419,5,V,team_dal,0,0,1,1,5o04,5o15,0
419,6,H,team_stl,1,1,0,2,-170,-175,0
419,7,V,team_nsh,2,1,1,4,5o15,5o15,0
419,8,H,team_chi,2,1,1,5,-255,-280,1
419,9,V,team_ana,0,0,1,1,-163,-170,0
419,10,H,team_cgy,0,1,2,3,5.5u22,5.5u25,0
419,11,V,team_edm,2,2,0,4,5o25,5o55,0
419,12,H,team_col,1,0,0,1,-117,-125,0
420,51,V,team_fla,2,0,0,2,5u09,5u15,0
420,52,H,team_njd,1,4,1,6,-178,-230,0
420,53,V,team_nyi,2,1,1,5,5.5u11,-110,1
420,54,H,team_wpg,1,2,1,4,-123,5.5u15,0
420,57,V,team_wsh,2,2,1,5,5.5u17,5.5u20,0
420,58,H,team_mtl,0,0,1,1,-144,-150,0
420,59,V,team_tor,0,2,2,4,5.5u32,5o40,0
420,60,H,team_ott,0,1,0,1,-118,-130,0
420,61,V,team_phi,1,2,2,5,5.5o28,5.5o25,0
420,62,H,team_car,1,1,1,3,-114,-115,0
420,63,V,team_ari,2,0,0,3,5o25,5o30,1
420,64,H,team_chi,1,1,0,2,-190,-200,0
420,65,V,team_det,1,0,0,1,5o20,5o15,0
420,66,H,team_van,1,0,0,2,-165,-140,1
420,67,V,team_pit,0,1,2,3,5.5u42,5.5u45,0
420,68,H,team_bos,1,0,1,2,-123,-150,0
421,1,V,team_fla,0,0,0,0,5.5u37,5.5u30,0
421,2,H,team_bos,1,1,1,3,-270,-360,0
421,3,V,team_njd,0,0,1,1,5u15,5u35,0
421,4,H,team_nyr,2,1,1,4,-177,-190,0
421,5,V,team_cgy,1,1,2,4,5o15,5o40,0
421,6,H,team_min,1,0,0,1,-220,-260,0
421,7,V,team_car,3,0,0,3,6u17,6o20,0
421,8,H,team_tbl,0,1,1,2,-154,-165,0
421,9,V,team_stl,1,1,1,3,-154,-170,0
421,10,H,team_col,2,2,1,5,5o15,5,0
421,11,V,team_cbj,1,2,1,4,5u09,5u20,0
421,12,H,team_sjs,0,1,2,3,-163,-175,0
421,13,V,team_ana,1,1,1,3,-113,-135,0
421,14,H,team_edm,1,0,0,1,5o20,5o35,0
421,15,V,team_dal,0,2,1,3,5o20,5o20,0
421,16,H,team_lak,1,1,1,4,-190,-190,1
422,51,V,team_wpg,0,1,1,2,-109,-125,0
422,52,H,team_buf,0,1,0,1,5.5u20,5.5u20,0
422,53,V,team_pit,2,0,1,3,-115,5o30,0
422,54,H,team_ott,0,0,1,1,5.5u40,-120,0
422,55,V,team_ari,0,0,0,0,5o15,5u15,0
422,56,H,team_det,2,1,1,4,-140,-160,0
422,57,V,team_ana,2,0,1,3,-115,-135,0
422,58,H,team_edm,0,0,0,0,5.5u35,5.5u45,0
422,59,V,team_chi,0,0,1,1,5o30,-115,0
422,60,H,team_van,1,2,0,3,-115,5o30,0
423,1,V,team_wpg,0,2,1,3,5.5o13,5.5,0
423,2,H,team_wsh,2,2,1,5,-159,-210,0
423,3,V,team_mtl,0,2,0,2,-120,-130,0
423,4,H,team_njd,2,1,0,3,5o25,5o25,0
423,5,V,team_nyi,1,1,1,3,-135,-155,0
423,6,H,team_car,2,1,0,4,5.5o18,5.5o30,1
423,7,V,team_bos,1,0,1,2,-130,-145,0
423,8,H,team_phi,1,2,2,5,5.5u27,5.5u30,0
423,9,V,team_nyr,0,0,2,2,-222,-250,0
423,10,H,team_fla,0,1,2,3,5o30,5o25,0
423,11,V,team_cgy,1,1,1,3,5o25,5o40,0
423,12,H,team_nsh,1,1,2,4,-133,-145,0
423,13,V,team_col,0,1,0,1,5o15,5o20,0
423,14,H,team_stl,1,2,0,3,-232,-240,0
423,15,V,team_lak,0,1,0,1,-113,-110,0
423,16,H,team_min,2,0,0,2,5u09,5u20,0
423,17,V,team_dal,1,1,0,2,5o35,5o40,0
423,18,H,team_sjs,1,0,2,3,-175,-170,0
423,19,V,team_buf,1,0,3,4,5.5u20,5.5u20,0
423,20,H,team_pit,1,0,1,2,-205,-240,0
424,51,V,team_tor,1,1,0,2,6u15,-115,0
424,52,H,team_tbl,0,2,3,5,-110,6,0
424,53,V,team_lak,0,1,0,1,5u07,5,0
424,54,H,team_det,0,1,2,3,-120,-150,0
424,55,V,team_chi,2,0,2,4,-155,-190,0
424,56,H,team_edm,1,0,0,1,5.5u30,5.5u40,0
424,57,V,team_sjs,0,1,0,1,5o10,5o20,0
424,58,H,team_ari,2,0,0,2,-110,-120,0
425,1,V,team_nyr,2,0,1,4,-145,-170,1
425,2,H,team_car,0,2,1,3,5.5u43,5.5u45,0
425,3,V,team_ott,0,1,0,2,5o35,5o55,1
425,4,H,team_wsh,0,0,1,1,-144,-120,0
425,5,V,team_nyi,0,1,0,1,6u07,6o15,0
425,6,H,team_phi,1,0,1,2,-108,-125,0
425,7,V,team_tor,2,2,0,4,-155,-155,0
425,8,H,team_fla,0,0,0,0,5.5o07,5.5o15,0
425,9,V,team_pit,1,1,0,2,-120,-130,0
425,10,H,team_njd,0,1,2,3,5.5u28,5.5u35,0
425,11,V,team_nsh,2,0,0,2,5u15,5o15,0
425,12,H,team_det,1,3,1,5,-200,-250,0
425,13,V,team_mtl,0,1,3,4,-104,-120,0
425,14,H,team_wpg,1,1,0,2,5.5u06,5.5u20,0
425,15,V,team_cgy,0,1,0,1,5o30,5o25,0
425,16,H,team_stl,0,3,1,4,-125,-240,0
425,17,V,team_cbj,1,0,2,3,5u30,5o15,0
425,18,H,team_dal,0,1,0,1,-123,-115,0
425,19,V,team_ana,0,2,1,3,5u09,5,0
425,20,H,team_van,0,0,1,1,-150,-190,0
425,21,V,team_tbl,0,0,0,0,5.5u11,5.5,0
425,22,H,team_bos,0,2,0,2,-210,-250,0
426,51,V,team_nyi,0,0,1,1,-120,-120,0
426,52,H,team_buf,0,1,0,2,5.5u11,5.5u15,1
426,53,V,team_edm,3,3,0,6,5o09,5,0
426,54,H,team_min,0,0,1,1,-200,-260,0
426,55,V,team_cgy,0,1,0,1,5.5u17,5.5u25,0
426,56,H,team_chi,2,0,1,3,-222,-280,0
426,57,V,team_col,3,1,0,5,5o15,5.5u25,1
426,58,H,team_ari,2,1,1,4,-160,-175,0
427,1,V,team_njd,0,0,0,0,5u25,5u30,0
427,2,H,team_nyr,2,1,1,4,-170,-180,0
427,3,V,team_fla,1,1,3,5,5.5o37,5.5o35,0
427,4,H,team_tbl,2,1,0,3,-178,-190,0
427,5,V,team_nsh,0,1,0,1,5o15,5o20,0
427,6,H,team_cbj,0,0,3,3,-225,-260,0
427,7,V,team_bos,1,1,0,2,-125,-125,0
427,8,H,team_wsh,0,0,2,3,5.5u38,5.5u50,1
427,9,V,team_car,0,3,0,3,5.5o37,5.5o35,0
427,10,H,team_pit,1,2,5,8,-195,-230,0
427,11,V,team_phi,1,0,1,2,5.5u25,5.5u35,0
427,12,H,team_ott,0,1,0,1,-170,-180,0
427,13,V,team_mtl,1,2,1,4,-125,5.5u20,0
427,14,H,team_tor,1,0,0,1,5.5u18,-115,0
427,15,V,team_min,1,1,1,3,-140,-145,0
427,16,H,team_col,1,0,0,1,5o35,5o45,0
427,17,V,team_chi,0,0,1,1,5o04,5o15,0
427,18,H,team_stl,2,1,0,3,-144,-240,0
427,19,V,team_det,1,0,2,3,-125,-155,0
427,20,H,team_dal,0,0,0,0,5o25,5o45,0
427,21,V,team_van,1,0,1,2,-125,-125,0
427,22,H,team_edm,0,1,6,7,5o20,5o25,0
427,23,V,team_ari,2,1,2,5,5o09,5o20,0
427,24,H,team_ana,1,1,1,3,-155,-170,0
427,25,V,team_sjs,0,1,1,2,5u15,5u20,0
427,26,H,team_lak,0,2,1,3,-150,-150,0
428,31,V,team_ott,1,1,2,4,5u25,5u25,0
428,32,H,team_bos,0,1,1,2,-230,-200,0
